tempo,spectral_centroid,mfcc_0_mean,mfcc_0_std,mfcc_1_mean,mfcc_1_std,mfcc_2_mean,mfcc_2_std,mfcc_3_mean,mfcc_3_std,mfcc_4_mean,mfcc_4_std,mfcc_5_mean,mfcc_5_std,mfcc_6_mean,mfcc_6_std,mfcc_7_mean,mfcc_7_std,mfcc_8_mean,mfcc_8_std,mfcc_9_mean,mfcc_9_std,mfcc_10_mean,mfcc_10_std,mfcc_11_mean,mfcc_11_std,mfcc_12_mean,mfcc_12_std,genre
0.6201228803063737,-1.6661152551750897,-0.8800334664030633,2.014514263132951,1.7097474558958694,1.2279764733464662,0.9568949060655054,0.7668454921663597,0.8214694601512073,-0.0903037788158251,0.5547035595310529,0.8518881028172997,-0.11311740755543861,-0.16662967707020265,0.11182857336041889,0.28021451226378946,-0.49635899149577783,1.0110899690563273,-0.6557797987851003,1.2659594076461875,-0.20569681338136056,0.014762190686665237,-0.1163340159400901,-0.058502695772297796,-0.24368824354873447,-0.18530225895749697,0.2673382266299174,-0.29767593714980595,2
0.8952944300590285,0.9743445125536385,1.383127350330513,-1.6366820049966302,-0.9824997086449762,-0.31168159206595786,-1.4332969500977049,-0.4863939384886197,-0.48068938747353496,0.25765933912502864,-1.7990257937975649,0.07538107529241869,-2.6733223864123934,-0.9910612708564166,-1.8670880957258102,-0.24508337760451904,-1.5649196212548149,-0.8896549638014047,-1.5707232304810845,-0.7254704032236191,-1.8276873936826785,-0.882714308029215,-1.6173165495628545,-0.9554886737533819,-0.3294737711271284,-0.6083227786911789,0.4859110759354996,0.2742928695891353,2
0.8952944300590285,-1.094442583970931,-0.37376103387371346,1.031746792933985,1.0190713306155799,1.4004138855773398,-0.3488980369447919,0.5352375557140664,1.2729578110947666,1.4733002522428091,0.9339532159700052,0.11368131448934467,1.058597631070628,-0.6642380968881946,0.6045438984913898,-0.64005206292852,0.7301136711629045,-0.5058904952166848,0.7587860930806477,-0.7698490486535052,-0.010213807276655627,-1.1293278026308033,1.193490824991534,-0.48961596071713015,0.18404141189156306,-1.2727522759899315,-0.06487218148835976,-0.34265873677124487,2
0.36113789230387555,-1.017937552209726,0.5214653547152412,0.030956022481079322,0.5941929268945542,-0.37854979591735305,0.6957151360882435,0.13446573998971115,0.24028072575070875,-0.0030332152787659024,0.8268076044963442,0.6364196037678792,0.8752704411446619,0.5555590974406059,-0.6049407230174364,0.5443928295791746,0.05520895693049632,-0.1428330193476034,0.08778777278964212,0.3480115187939501,0.5912123520157884,0.8602920871585239,1.5432343017597636,1.2085560540054194,0.46717791683431914,1.186683563006977,0.4299503875063637,1.3836447472294753,2
-0.11366791903403677,-0.2846416660137816,-1.50302026729719,-1.0235654330439707,0.6901415213944294,-0.7887164199390989,-0.04401470813723528,-0.6010632686492069,-1.1512421161345885,0.6982800079966114,-0.538774383466644,-0.5448292566877009,-1.6720486772378145,-0.1198925968863599,1.409917952148872,0.13876594004622902,-2.5505196093317912,1.449570228674916,1.4468202310272706,0.9578675050140429,0.9278457884915158,-0.3586583672384962,-2.0749748032498796,0.061564920347200625,1.2746194177412393,0.8053534640559034,-0.9830836147836154,1.2495715895790966,2
0.8952944300590285,0.6498557090902493,1.2206547607349587,1.4488254662316302,-0.5293172035611348,-0.34175890204364856,-0.6980096341260281,-0.944853438666583,-0.34500483592227554,0.31553454264604597,-1.017410657056837,0.1524827557969165,-0.23746765728811828,-0.17501707666664548,-0.23429550741190452,-0.13173711475732652,-0.05065730204636616,-0.3018098211422964,-0.4160987858156355,-0.08416850076500101,-0.6063136983421885,-0.47885232451759524,0.038154543538560716,-0.26864432455713577,0.5492311818441564,0.05414988899247918,1.1215554561305283,-0.6903040163196363,2
0.36113789230387555,1.0077826447315754,0.26911584304940345,-0.9239675105008204,-1.0245300390844179,-1.2675474553466275,0.6223813142053788,-0.9899178638802653,0.3942954774140485,-1.0457657092015598,1.41666499189301,0.019494900351945562,0.7723566680952967,-0.41888811465446657,-0.09131863730857681,-0.3942794960224374,0.3206007330521227,-0.22511742547450286,-0.988163132368545,0.23673479051014612,-0.7185191295304659,0.3475795860281097,-1.6260182811928772,0.3717963017416074,-1.1858403700269473,0.3932223206897683,-1.757787619328809,0.624819163749793,2
0.36113789230387555,0.896819860082922,0.27167667277118157,-0.5858673065900198,-0.8594627148420036,-1.2817423525013472,1.1489336030142046,-1.7158835839553048,-0.19803323496275588,-1.5054732427809656,1.830757930340353,-1.6842809635404348,2.0966411093779924,-1.4073707976322591,2.018206486481747,-0.7910237525492525,0.9964598165728199,-0.9008792226286185,0.08469040023722377,-0.9860314221339693,0.7674072878742118,-1.1353211187138033,0.1428440373187938,-1.4228694100717107,-0.05749210457703181,-1.4776340925693507,0.5401435594652241,-1.7050086828213242,2
0.8952944300590285,-0.3749097728130278,-0.651372104998118,-0.8431566947584177,0.66137932040431,0.2049619290872314,0.36954040184883535,-0.8688002968688182,0.4469561566440593,-0.8347142248788912,-0.19854366611869645,-0.44843664393198923,-1.2327208381653363,-0.4749393384451912,-0.11173363115244882,-0.8350558605978464,-0.696928339224347,-0.8284036892315396,-0.5270445200930253,-1.3169055660975333,-0.21960611218360254,-1.343122374465256,-0.37368054468047046,-0.7424144294980816,-0.5172944368440521,-0.7788127782667226,0.11220074778349362,-1.3360931845766422,2
0.8952944300590285,-0.21244100736669652,1.0880551916868169,-1.3041921543954424,0.17499514477144615,-1.0648376833508868,1.1516776689919745,-0.8407991006195399,0.4684852742335329,-1.3282539541539928,0.19248245767109143,-1.207653000990886,0.5486736617351295,-1.359379743668812,0.9286368034057173,-0.7173764984908055,0.9173732302337617,-0.8397253661542349,0.16200912801641792,-0.7683505029426955,0.35594372665669166,-1.3067845142960686,0.10335943741502406,-1.1127911109543183,0.0773713089762669,-0.6323756386247735,0.841059464320782,-0.3625581667693836,2
0.8952944300590285,0.002817734232386926,-1.0641555682951935,0.5180147056058342,-0.037247750846336594,1.4013720118219806,-0.103984057500263,1.6749771893627818,0.25825371986164825,0.4703900792747432,0.15948047856491712,-0.5453162839254202,0.7836439413416351,-0.5342750699935936,0.4349354582721758,-0.3922430275609323,0.8960656324788538,-0.4608109774608591,1.2979257599709284,-0.5902266025159756,1.2669751546492207,-1.2309091880461454,1.2124370726449731,-0.908986487132693,1.0067530758786185,-1.179061985876795,1.297581213369346,-0.5260505134349801,2
0.36113789230387555,0.3390026537250388,0.26531460143380065,0.01293874626571883,-0.3560045515756696,0.0857329076543036,-0.4758644353697008,-0.04996215869251275,0.16278273237126414,-0.28665162675799155,-0.7936744408372512,0.5893801542361273,0.2148510037816978,0.3709010798377499,0.032239445020369954,0.5532144640713017,-0.28257549320522307,0.21262619803803554,0.5127922105414412,0.5268268389953908,-0.09228517572478684,-0.3266874721490578,0.2537542348127089,-0.9188253431365427,0.4675278180468522,-0.7310170198203688,0.40477002676968427,-0.41316208443305047,2
0.36113789230387555,-0.36346783761894175,-0.3069578077776399,0.7181827058836109,0.4151011122328059,0.3757190841820103,1.4234163031796372,-0.215937597029,-2.117452490383876,1.88061023892042,-1.1569619716100348,3.4359594138022733,0.7525003320818217,1.213586722314408,0.7888639857356423,0.20953597504051188,2.0089311339551523,0.4929983005466416,0.27515828984797613,-0.05027001636166305,-0.22028645619718168,0.25830567411083394,-0.5901617267575779,0.595324988178538,-0.31042469538979145,-0.7521643877257684,-0.729365773919121,-0.6988866275364091,2
0.36113789230387555,-0.740318506045563,-1.1559088475620374,0.8167737830820848,0.6566549352235478,1.5221685039682655,-1.566508158587771,0.3837828557490693,-0.6209618391745652,1.9854212163839584,-1.1009455102459897,1.256698403058738,-1.222885387854153,2.6152125566990456,-1.3265146148491311,2.226662763154019,-1.2589783193346775,1.1554953533301435,-1.2002714776733472,0.2421103981533021,-0.5089326848206491,1.4090409834261135,0.2593403014270739,2.3290912630170753,-0.12292822990556648,0.4194424718483571,-1.004667105953539,2.1916153164874137,2
0.36113789230387555,-0.36365815876466995,0.026971523683499258,0.7346640599866262,-0.5016698358103598,-0.4158860102838302,-0.8121943558174676,0.13113521501558717,0.4852243253704868,2.2875906396540477,0.3288645208334494,1.297263679969143,1.438863267654061,0.05524553749728441,0.7875829405913919,2.1783835417026665,1.916863750654899,4.446270853483959,2.303102287892106,4.086789898651882,0.48390202775134405,3.3703760046609883,-0.5234070357086681,0.9360440454498077,-1.8337281059865684,1.369357411980592,-0.47492288094730856,0.2153112220302474,2
-2.1315926172201674,0.20449332246877094,0.7405483299958074,-0.5356964128675178,0.15925650513694,-0.026353718136757562,-0.8921004949416819,0.23991713342901969,-1.1405925280413023,0.1643265120399925,-0.9333025053567227,0.543198685692076,-0.6963583846054445,0.06444765374849024,-1.397904330117323,0.701245731348301,0.054471009695813664,-0.09967433230051088,-0.9856018662562798,0.3280513004312965,-0.2996999408535703,-0.03748587658936857,-0.023864321297583004,-0.2711933574316752,-0.15192879656821992,-0.39653913821634673,-1.0735724102348276,-0.003964265231882509,2
0.36113789230387555,-1.1334532350253266,-0.18308192133705942,-0.0004992220017577903,1.0929824156055326,0.8496159927690904,-0.1510099441169659,0.49420844237938766,0.404132188498365,0.9639827540830153,0.5575711281678633,0.37254043681889404,-0.10764106283010924,0.30168160510292874,0.4148090114931625,0.0835593451852213,0.18790333623958028,-0.3072175843338606,0.12542001121549776,-0.5028964213891248,0.68140789734165,-0.0939705592902413,0.4236525899373427,-0.7378718194088075,-0.7636007223490805,-0.44091142032462743,0.5729200697959572,-0.2625825673040446,2
-0.11366791903403677,0.701794910227043,0.12483986827488149,-0.620788450510845,-0.5096440592008026,-1.015306948845501,1.4993147481782976,-0.8689830657642221,-0.22435856595314338,-0.9432913946019288,0.9595939713006161,-0.26016999347892333,0.8821594730073068,-1.0465166434256739,0.4813347162190975,-1.2545207774778897,1.1154458453090494,-1.2931928350200663,1.1844647065732505,-1.1477972885365895,1.3985344438358467,-1.3522523863946934,1.584802762205011,-1.0343959481428986,0.8762323614864772,-1.2219695722387824,0.28272968309846935,-1.4366371454634945,2
0.36113789230387555,-0.866139587491684,-0.34956345668394023,0.4915238920890419,1.0121666270867125,1.7134263594995578,-0.6094221424143718,2.3712434333753425,2.458116098310141,0.2817566161218487,0.4119898298726713,0.5735489607807063,-0.20458065632772335,0.06487225879411578,-0.18259122802965908,-0.07119608960839474,-0.5939945906918971,0.37559043542930126,1.506220115446511,0.0959837789775466,-0.2162241235573067,0.4837874262013581,0.6735787479971417,-0.010463422785843276,0.335090924438529,-0.1033583117208119,0.2207942626289491,-0.6278517676116426,2
-2.1315926172201674,0.10450927838502642,0.4147877809295928,-1.5625914197407758,0.07809869372564739,-1.0203773127310383,-0.5752865255750885,-1.9237985375386804,0.43907303682538307,-1.1400515558836584,-0.6782261287852449,-0.8830345035519188,0.4525765082100197,-1.2828946691525531,-0.491403440308917,-1.4829596612313336,0.2647129647605834,-1.246176956134489,-0.8172307057132839,-1.136467341215325,0.1776591139163589,-1.3335731298619187,0.13660886890462232,-1.4825061061689924,0.12141134304519662,-1.479367047609837,-0.4806157142514817,-1.3594431697816343,2
0.8952944300590285,1.1130271163253276,0.6886066134316059,-1.3353264630298118,-0.6465129615675933,-0.9569950654767916,0.8171548380828904,-0.9106991272588523,-0.43518227635368806,-0.4635296373024058,-0.19115216962447673,-0.4438565552741396,-0.6108644663443944,-0.34333222616184905,-0.40664869051280994,1.2072949154390817,0.05783929793135689,-0.5627184235091085,-0.6958067605870277,-0.10974016611189687,-0.8203078247600796,-0.3636433607978962,-1.1178665064283746,0.05004792180416661,0.3555731236000958,0.5628075548276258,1.0128530203338082,-0.07631095520111682,2
0.36113789230387555,-0.267403962775491,0.32612185674003097,-0.5929515759597013,0.3571502679165819,-0.39373129509671123,1.205140281251901,0.1075811865808452,-0.2933310834066977,1.1867890291950014,1.3664147475827428,-0.055252948895458245,0.205734645974865,-0.5256770467584144,-0.026196515893826666,-0.08415533414681468,0.5386683318778736,-0.4769834402031266,-0.10977737581659139,-0.34638321225644936,1.2035823307266624,-0.4841991767715141,0.01907594402328968,-0.17761072904242664,0.5213417865700773,-0.24551281366701366,-0.004255062531015537,-0.9803900258292652,2
0.8952944300590285,0.30791812601037555,0.08242267416095633,-1.1754744448091488,-0.1458713661317294,-0.6870444849789622,0.11288307789885776,-1.3122642976918533,0.15422344822920472,-0.9023748659616845,-1.3674384205635821,-0.3576658392690075,0.6131882061989445,-0.4193371398321206,-0.5458310203021646,-1.2932046754537692,-0.5183887784117518,-1.01054481990398,0.10901877510824072,-1.4509806339612954,-0.14017651026056058,-1.5847589279957783,-0.6040000254383768,-0.945626016086167,-0.738692104234193,-1.1681901682994127,-0.08545748789656746,-1.3489034260558226,2
0.8952944300590285,-1.5662483397826643,-0.3553761956880547,0.05159354775312436,0.9882700276258797,0.03375251160424802,0.18436559968284355,-1.2973389014748875,1.7644509575185463,-0.8862650844627392,2.8343872039543077,-1.1209902349722587,1.9525134013575827,-0.47873636372379363,2.6007031141509094,-1.3687461905946872,1.5077456025799367,-1.6434059467783826,1.600325679490713,-1.6870912305354437,1.7805632851653697,0.2820730967097907,0.5588336187747287,-0.056923768587773774,0.16111276558395646,-1.2758328681756088,0.9813854847779722,0.4081873825188514,2
0.8952944300590285,-1.3170389443160753,-0.15221889825791304,1.9011036355775743,1.3275042851709347,0.8351540188542581,0.509510693243991,2.089808126813558,0.7948768507380415,-0.8569520106294992,-0.6699821379749155,-0.6736764445355437,0.34877228968703006,-0.3587260668885892,0.48049156289388906,-2.164743175671497,0.6482781391731591,-1.4349504589922362,0.25546971502211363,-1.8186622158390713,0.8035068394047812,-0.6317937387298636,1.3090595879023352,-1.1347961245515192,0.30347739076248104,-2.299825905294621,0.5790912356549927,-1.3615199883576514,2
0.36113789230387555,-0.010498143173308692,-0.4818259943249236,-0.16874895772793624,-0.31080678499365333,0.6747713534892303,-0.4118859375863761,0.39915328170792574,-0.491831186767883,2.391312703985388,-0.23316657286310133,2.9665090185117453,-0.5200918825764287,1.9296973259636092,-0.33750974023054964,3.5738120052440863,-0.3443037232602168,2.504654794002379,-1.5195388455148038,2.4784835121140136,-0.4763649636560497,2.390041414108119,0.7353164739633338,4.526490389097252,-0.1298494066936611,1.8841021250730627,-0.8303362724827354,1.7481006129095031,2
0.8952944300590285,0.7123157079854764,-0.07545324303268569,1.1374217240512035,-0.30077995869997975,1.3160261907273993,0.6963344261179931,0.545032904442229,-1.120356432429827,1.151167715690931,0.20606476469230345,2.5088986538713174,0.7101219808479381,1.5764692737375148,-0.6692935237333707,1.4838309437541857,-0.0385782357020172,0.715923022742643,-0.43662515118974593,1.267632418125531,0.42527053743939625,0.7568603909081344,-0.20772455255409822,1.095276672277779,-0.2582065890994873,0.40577929437885446,-0.5591501515669219,0.39079104216286475,2
0.36113789230387555,0.18749637868098645,0.6264834917098169,-1.3930758050109955,-0.3929583870598402,-1.726285943164282,-0.9962978047100906,-1.503810012080616,-1.2703861402155572,-1.442874194669234,-0.3894091298497008,-1.5733632515167824,0.26201034733075873,-1.3622234680433967,0.04670693180321108,-1.4730982960441812,0.14035033159810223,-1.26708478543103,0.4375674890525633,-0.9175695956626612,0.7292703184778514,-1.0639977131350558,1.8996417950019926,-0.7387975788418155,3.4909842389517265,0.7753303715940013,1.9803667510256648,-0.25456124247034306,2
-1.5812495177148596,-1.3137698121728951,-0.549219642524188,0.8104647451599656,1.5021094547024052,0.5979794333666157,-0.1601079093749905,0.44842639888289465,-0.17568702856633867,0.5660044176266352,0.14308725545931944,-0.021977300975321825,0.5297087410033818,-0.4730406731800648,0.5706874187252022,-0.6698219099889474,0.894681939504054,-0.9944274195635062,0.5731965088303177,-1.1451442971774755,0.6810306556215581,-1.528710086225995,1.0037816390250607,-1.614937809503514,0.4391390164568707,-1.408987758545809,0.37746630804658043,-1.5118050070115059,2
-0.11366791903403677,-1.5786757416141228,-1.0817289754152766,-0.12600611902509237,1.2234902197938773,-0.15060489935705584,1.0006933362411137,0.07099173001020724,2.1471793160576684,-0.3747887321879356,-0.4956777344922508,-0.29192946489679117,0.637919929182996,-0.2954232848923439,1.8316820209350613,-0.005054224998931224,-0.6225134349758206,-0.3320793176361391,1.1470135430804078,0.22023609803944313,1.797340089906252,0.416923589318203,0.07621968550125004,0.10118491864169209,1.3708992736400945,0.3374682844730548,1.699068212064223,0.3687758808772774,2
-0.5384941712837478,-0.020232700060703403,-0.2938493770569575,0.1613741727505839,-0.3418313960333829,0.5019598476779901,0.8754941625695706,1.6544945546600507,0.896170364346448,0.719234085174233,0.22539613475421266,1.1727580149932932,-0.08827496481291336,2.1622905364779,-1.0420866907567046,1.0456973581710447,-1.2931555902949448,2.278752113576025,0.014763215154537733,1.0947146912761017,-0.15187608296442678,1.884262608713984,-0.43142016314195647,0.38171934047062334,-0.9639108667172496,0.21675062659789454,-1.018464836965645,0.1976371864154094,1
-1.2667677465689686,-1.4809053806256787,-1.936639125448259,1.8717744612624205,1.3745634694458706,1.6994382374531893,0.11422317628611466,1.2219585063878955,1.516716415662959,0.001272580206292823,1.7108466947855732,-0.36715284101331364,0.3692182690273845,0.6651673337871107,-0.24499507643174778,-0.9630255985251693,-2.412691031707621,2.569629839975612,0.10727692611977879,-0.5934249220443248,-1.3978183779289555,0.791284275256384,-1.4059019552360248,0.6787731188505545,-0.6373971083290372,-0.8166385581083533,-0.955011097253102,-0.2432821572273348,1
-0.5384941712837478,-0.48910879414096475,-0.03719019516241573,-0.1797835423275965,0.4728955322860484,0.889334680728739,0.6679016977944612,0.1273446381985795,1.8153752376595191,0.03500351756980159,0.3712153737695886,-0.7210710682417548,1.5639529960655985,-0.623212580333899,1.9137455128801981,0.4035601218764975,0.5434185528778662,0.22817250244195472,2.463243551093982,0.5681941058080782,-0.9766674359090374,-0.10828486386535043,0.12093959368414497,-0.5371453770199118,1.1581209126887388,0.18843610196791677,-0.5925949943603548,-0.16530344186494103,1
-1.2667677465689686,0.4529625567399589,-1.1231202367050042,1.4265020410591536,-0.7814104216358554,2.2310531325856204,0.6243838609575616,0.6211433180000262,0.8194291286137798,1.7113358687583977,0.781382385282309,2.3062653685316117,1.2806073951830275,0.7004177943685891,-0.8697388310754088,0.5917093033998626,0.9045520256777047,0.18637943355217257,-0.7170896329094312,1.3369683794924696,1.845879631602702,1.152138421855482,-0.07891712069400587,-0.03602139836396065,1.3151969217914026,0.426073353856635,0.536848992210848,0.3221602213420615,1
1.188218983021532,-1.4011917491100077,-1.3406107712588997,-0.41372292605935657,1.700355792804957,0.049379945220700334,0.7770005625657092,0.5556338133360931,-0.7363810401932869,0.5605033767302614,-1.2394601780382266,-0.28716911464738587,-0.9719277812540964,0.5593582594807608,-0.7778740961471461,-0.04379011869608477,-1.1353236155339326,0.7629258419559992,-0.38876255511290414,0.2811619319137539,-1.2932905913880133,0.8261233660343656,-0.5027110355609011,0.39834943739223116,-1.7037191118986794,0.6777352016457594,0.43951516975205773,0.021186906843154194,1
-0.920837798308489,0.7741070854846919,0.020687144002758225,-0.3864626974081139,-0.9658642676059362,0.6116831698454219,0.372022489460611,0.8444096069555801,0.23887899385203176,0.521164845584874,-1.5153138623867402,0.5433118172250553,0.25493090981047567,0.3577807534027559,-0.5027280455892935,-0.14177210523283368,-1.061707427686961,0.17251359129530885,0.7476131169736724,-0.2895491507043642,-1.2646164737017553,0.04609190639249176,-1.106035360956005,0.28114102740249824,-1.1597055775804208,-0.08704473242468316,-1.2117224022393387,-0.017486432454296697,1
-0.920837798308489,-1.1941634228116693,-1.5748876770747147,0.7242071599142081,1.0562009882128027,0.32814740889400745,-0.6825397705516315,1.5826300753555835,-1.3977178995578579,2.2660298949088515,-2.8626580327969697,2.782996299497702,-1.9820085400635237,2.5712166363352726,-2.561442046659657,2.448228473984649,-2.336477946856454,1.0185466889300292,-1.8565967382241506,0.3563620827669862,-1.85807371606605,0.8226517370012773,-2.546554078062428,1.5700191378031643,-2.031465211193091,0.3465876372430996,-1.7351833614409098,0.33317192909061305,1
0.8952944300590285,0.3206176220913536,-0.2935167019368369,-0.4400419506138944,-0.2703624227761069,-0.029717954733129808,2.099049201592286,0.8134587585844163,0.7049576959715712,-0.03445969831104589,0.3570386896899763,0.14856567676142068,0.23211714398562136,0.7398248666727727,-0.905849899692318,0.6121246976229469,0.2067716177264583,0.6403251687925599,-0.06241446167179323,0.9129811610708783,-0.27620653385601684,0.8884888816218199,-0.9284303801244168,0.1627821201688224,-0.6294602829790085,-0.1881882412188416,-0.35785403281540923,0.9642140640949207,1
-1.2667677465689686,-0.08444611763055539,0.1003819847834033,-0.12318499944059677,0.27861442510383605,-0.9294355355763154,0.4451074045208214,-0.034668721001240826,0.2215336714715864,-1.4255298998218728,0.1448116452170341,-0.9029801544620766,-0.030071123312736866,-1.2116877009223557,-0.27768876322029856,-0.4364647454482373,-0.3846533604094876,-0.8824481425204598,-0.5299974571143933,-0.1564407826653278,0.06962097296201107,-0.6189988380473167,0.8844064557366901,-1.5631088106216116,-0.22159429148878257,-0.9845639988314125,0.004804787172718861,-0.781111545137121,1
2.1925317360358267,-0.6918329477215976,-1.1744783923180993,0.9596693790538124,0.5260059146866787,1.0234619324707177,1.5628024813684813,1.7208653264475309,0.7245227497166585,0.5653580409091827,2.6288398435564186,0.14513375281061622,1.3168652874762266,1.498327903766501,2.2864800064131345,1.1611620332666284,0.030838844623839227,0.9512837295694381,0.6724013428394469,0.7573863570173144,0.2866495411289096,0.08755265898380266,-1.5841762751177497,0.5471479160883881,-0.5194476986575111,-0.05563400779554778,-0.9484442020778246,0.49575218538371874,1
-0.920837798308489,-0.6452145172944531,-0.7005829741254939,0.14928870500697486,0.6651434344151026,0.2920743652389472,-0.9910997104544158,0.1867050961897461,-1.3250149243393616,0.5351570263634025,-0.38217175391436664,-0.20703748819224457,-0.19265007703944934,-0.43738117538712773,-1.3667078315782626,0.6488450681314762,-1.6611019153477373,0.4554062105424411,0.09753624440579885,0.5281102718601071,-2.4363211457822973,0.7796912084577197,-1.7587891008892955,0.7621941907894807,-0.43577113319174865,0.3003519285285206,-1.528261376565855,0.23095295285259965,1
-1.2667677465689686,0.5515222052179771,0.14016565817340593,-0.7273505771030195,-0.6167031214907794,0.104126772603378,-0.5752009446067824,-0.009441919028941407,-0.40651814533161146,0.04592044529670067,-0.6489264098047622,0.928130732532366,0.07874651820088296,0.15633908430915375,0.2535300257397649,1.3115983323156508,-0.12124651482676622,0.08617574528250682,-0.08641079867795741,0.6394819798102871,0.9110566760197346,1.1700476591912972,0.047069074877891956,0.43640353678109434,-1.3962591332169014,0.24481737718887225,1.099177578460689,-0.07419669788001033,1
-0.920837798308489,-0.6235201292827606,-0.16927989711517413,0.011692393456134235,0.620488962817906,0.31434838091612344,-2.1116377795410903,-0.21259330179563385,-1.3903938105459384,1.5335505041392812,-1.4985066009063825,0.6452992255798067,-1.1133606350071275,0.9659552892460253,-2.665899006907216,2.1694726142050995,-1.1003225111229231,1.1824854602402237,-2.7371806037074067,1.230056691299829,-2.527819943057789,1.9221118202873992,-0.7340607671316999,0.37183438440299227,-0.8182194176752831,1.0268795504795656,-1.2347406730411683,1.0230306274234924,1
-0.920837798308489,-0.8243638609600167,-0.5635036173020228,1.5981048812940521,0.23871258195710665,-0.5956372311851863,1.1461182252659632,0.5715803994600841,1.4002171730448665,0.05437717058229556,0.3703274162216398,0.012262238303815474,0.9062461119679003,0.0739031288694798,-0.2709261745002829,0.6860530592911095,0.886976241505548,0.20207998327393742,0.5777839553604978,0.43463096224783443,0.9146390071545517,0.04442302818522568,-0.2155549177012567,0.04845145655189954,0.6756767325232748,0.3896783715413941,0.8172621938968189,0.8361175451684842,1
-0.920837798308489,-3.1023297062538138,-3.589736211994932,-0.30751330958682627,3.4704744782955212,-0.06250548894828337,-1.4864047828776645,4.489938024149931,-0.3789892646120771,1.3575136657531082,1.0242351033077082,0.35351989695501373,-2.55517632238666,4.235186728083121,-0.6593729925275746,0.706635280775386,-1.5880217953721212,0.10644506249670738,-1.0186470073544667,3.5441654302585577,-2.1861671990245934,2.152431104744704,-1.761004464115257,1.93735897755778,-2.4196922562467846,4.266304162295142,-0.1353676292606187,2.3915464694758404,1
-0.5384941712837478,-1.1496303279156757,-1.8863443395010921,2.4954730878821274,0.8877900953491599,2.4325868362558203,1.7191926158830606,0.646708743165522,1.5741341499559638,0.603298368766103,1.402396397750693,1.4983254265670372,1.0140950768208867,0.5102249538417344,0.3635893664169189,1.4656724945492472,0.3130960343117687,0.15659879235630822,-0.12268332310972015,0.8313372837839736,0.027869144856315014,0.19319124031828705,0.27926090014738614,0.645965908242761,-0.26724781569926714,0.7082938372077028,-1.1745976661489304,0.6569881843728304,1
-0.920837798308489,-1.771537288090058,-1.1646723901959948,0.9618525737252689,1.5001110105965763,0.8517101723543073,1.8949984406882756,0.286419298891821,1.0144654265547246,-0.3152847917027725,1.2877250485531422,0.2794334526273678,0.5120428782261653,0.003915030479097291,0.3869957703676919,0.5351611086916955,1.360642476617466,0.8178364691808307,-0.2785669951305721,-0.28466091753570566,-0.11184235548397745,-0.2247147861287248,0.2672533485216769,-0.7564037945052354,0.00656485405630847,-0.46153104903672393,0.3661234069912605,-0.8006657722179402,1
-0.5384941712837478,1.0895251771365297,-0.8365129972188234,-0.33235665241481543,-0.7644858750393407,-0.32380501581297555,0.36143867981802535,-0.9591416474331335,-0.4421892283614079,-0.559141769590415,0.16333620697368562,-0.1678252430202368,-1.589185103326472,1.1875701241557708,-0.19719911676703164,0.1438982668238997,-1.1013332942361787,0.40444525175397816,-1.1201032305396148,-0.0441800489396202,-1.8220756056349932,0.12214061278186003,-1.7636235042320558,0.7580662307304191,-2.352598085598931,0.6865306922860885,-2.1548831906456214,0.2997034597403814,1
-0.920837798308489,0.08213135008860781,-0.6158990048588199,0.12053534568984935,-0.20729737408407187,1.4402952391037747,0.6349382767369826,0.34110944827663,1.5323567566906042,0.24731554679469592,1.3957749487015965,-0.8149656939572145,1.0373513984102685,-0.28494857451086225,1.5623849212425658,-0.028654770543619885,-0.057384574548455594,0.3141287942474543,2.022186166447423,0.7347594637842894,1.6216128478219876,0.383963244724697,0.02632221689551325,-0.9022606381532345,-0.01411324482033573,-0.6892378295985913,-0.9872198816297115,-0.3886453074716531,1
-1.2667677465689686,1.1693652834361212,0.7107406174515698,-1.0814888489675596,-0.999605353569764,-0.7897964523007247,0.2586733028725758,-0.28277718355160886,0.4051637375048463,-0.3743382539432129,0.18928681062174768,0.42364727252924905,-0.642760242605752,0.5341337893547609,-0.8530465938562937,0.8065993515563359,-0.5119195443651338,0.5349579684982617,-0.4715423803822712,0.41019905289745107,-0.6807587669315721,0.10552128342108277,-0.840791133590286,-0.0965582984241104,-0.25038352762938043,0.3721444563287732,-1.5224250777575017,0.14061001822614452,1
-0.920837798308489,-0.7019319019548064,-0.7894812880773268,-0.7585922798044814,1.4133011312226724,-0.017011056670465572,0.5919467919410605,-0.16192907547670823,-0.326546915882445,-0.17662264639415126,1.1569288004619802,-0.9068076376026603,-1.5118265642968516,-0.0621609627605039,-0.28332102568775447,-0.8491086688572048,-1.0787619695689907,-0.8719898158207634,-0.42641267002116895,-1.2575873435678802,-0.4037578983877732,-1.194478975901375,-1.476406964430083,-1.2969663777264508,-0.5337118446562266,-0.785784593450711,-1.451315400774988,-0.1059786549416126,1
2.990831616636933,-1.1321002852794255,-2.4778261821186596,-0.6847602088938816,1.2506447269700203,-0.19715442442447464,0.9390451319170632,-0.22021639212825098,0.4602048794167746,-0.2757858797131573,0.8108322177019819,-0.6391378956727868,-1.6794102480988504,0.16692643254960982,-0.8338578323383191,-0.12051118341503121,-1.4952697321551818,1.1439936647092752,-0.9380041671460463,-0.012551417580183537,-1.0518416154536772,-0.27231254139174943,-1.3534088404424558,-0.2766577182527588,-1.7250434141390656,0.20844434336133902,-1.0678261900713049,0.9823214458143369,1
-0.920837798308489,-0.18497705073317877,-0.3272801409257556,-0.16306496573982396,0.2843381875203133,-0.5826606507354816,0.548150209575244,-0.31923394489681656,0.37452575305390345,0.02340359246500818,-0.008627330449997835,0.3024398062879163,-1.092943386231837,0.5950775865971643,-0.34508243754047546,-0.2022455175710616,-0.22690615863626243,0.061764394189773135,-2.292821160113302,0.5516624119278717,0.039533454934351765,-0.8059355932442972,-1.0898432523467156,0.7530157683080705,1.215246986410389,-0.37147981818535736,0.2411761620661505,0.7437275660861213,1
-0.11366791903403677,-0.5781854917173815,-1.0257730492529116,1.1309647855956801,-0.29102734041492606,0.15679468192998808,1.8927824376864746,1.8822727942406705,0.5625196971176722,0.3384908434030503,1.328296631549497,0.49971525711184384,2.0731345772979286,0.5076403881182904,1.865318638700056,-0.24974902900396662,1.3349085365671105,0.5078605604975054,1.0121328374227947,-0.0445716388353139,0.47890372148072746,0.22618077518200366,-0.18330142570374794,0.3601700660909167,0.2972380308231073,0.3313402667053459,1.2939304741565893,0.4282516019540368,1
1.8346731688698132,-0.8826435185043041,-0.8292554230138363,-1.6136773441509815,0.8931361428290331,-0.965474333848894,-1.788989932475749,-1.1020977502420672,-1.6798421702839554,-1.0842573324226144,-1.5104189552593608,-0.6661576105245576,-2.0337933429531754,0.12752058125202761,-1.9862867159065067,-0.7691014010615269,-1.55065315827145,0.46157002286632903,-1.1039119994503512,0.5678218338106297,-0.1738963717898644,1.3611347172037842,-1.2350976017042543,1.8679327825901544,-1.3664686829612942,0.7788270095577642,-2.302612915708247,-0.14001548571335756,1
-0.920837798308489,-0.1584679254102567,-1.3859890516551965,1.402054830699144,0.36694168190178006,1.328656781144317,1.6166168618627883,-0.16335586211052003,0.6768693291157698,-0.18383846074607185,0.534163432886906,-0.03539181232199419,-0.5866385791036185,-0.3248266501115239,0.7730990950287001,0.27518727931144954,-0.07144119531214439,-0.44409494998293403,-1.5745822942960033,0.5883157091123283,-0.10160916100435391,1.5407474826205356,-0.4022987308091129,0.6923626159131668,-0.5799008485260783,-0.11705075384059012,-1.2606439522796435,0.08754722991058853,1
-1.2667677465689686,-0.6889214041701865,-0.8447656925928138,0.7410765451919409,0.7209608255889959,1.6450874653635565,1.0861929324789827,0.9362810210980295,0.7147950900501536,-0.32734048960560524,0.6898151496434479,-0.2912191165478716,-0.22459111101229992,-0.6675668661351726,-0.9414810671435287,-0.25381976116141175,-0.43837569278162564,-0.28703721407640403,-0.6131079771620309,0.4781183683930182,-0.7231176787478775,-0.02137838351833392,-0.2941389183458257,0.042454439559077094,-0.06969112830545722,0.7133278447992768,-0.1265795105726177,0.7606433934145838,1
-0.920837798308489,-1.0129168478427415,-0.4486175826070137,0.7322345029098085,1.0631863867979705,1.1542915772191957,0.3487462454537451,-0.5667881545126646,0.6942997981147149,-0.7541088421487836,-0.38048683413729417,-0.8888528877125914,0.413141847839384,-1.1961510024232556,0.6485249361656705,-1.167767110779466,0.5636753888728943,-0.7093188916082843,0.18028767682481822,-0.3568820874969233,-0.23615248885154372,-0.8310039959897506,0.619914289865833,-0.7625000268527184,0.43836389943085935,-0.6038050483048844,0.3917482429221762,-0.617492142572835,1
-0.920837798308489,-0.4019755758756286,-0.3502740760069826,0.4641535689396192,0.5227694221978475,1.5533221239834,0.5222282441339556,0.5407372094793624,-0.2527913895837868,0.17779673810401983,1.3564050328060584,0.2182710155530519,1.153461996861607,0.2838567402328654,0.26243164488963727,-0.7417523865930158,-0.9765721299360424,-0.01664023039534158,-0.23345400787627651,-0.6134934011283986,0.11154530466109992,-0.6114908992367029,0.4744818874655525,0.22288908702544355,-0.015968824907127532,0.10744569458604475,0.36714510813501217,-0.6943733425969026,1
-0.11366791903403677,-1.5786757416141228,-1.0817289754152766,-0.12600611902509237,1.2234902197938773,-0.15060489935705584,1.0006933362411137,0.07099173001020724,2.1471793160576684,-0.3747887321879356,-0.4956777344922508,-0.29192946489679117,0.637919929182996,-0.2954232848923439,1.8316820209350613,-0.005054224998931224,-0.6225134349758206,-0.3320793176361391,1.1470135430804078,0.22023609803944313,1.797340089906252,0.416923589318203,0.07621968550125004,0.10118491864169209,1.3708992736400945,0.3374682844730548,1.699068212064223,0.3687758808772774,1
-2.373743581002503,0.5112816250235113,0.6247069252510151,-0.536423659731911,-0.6381071748087459,0.07208947282725868,-1.658361825199394,-0.6904741878333238,0.3217970020620437,-0.3918206483895931,-0.6426360458679085,-0.8114826869737887,-0.060039001881837306,-0.9275402339301779,-1.230608105277318,-0.5330220859681595,-0.4933620657344806,-0.864256372081636,-0.9755888334451602,-0.5683076297624228,-1.231017415359536,-1.1466539894831693,-0.6649200303191162,-0.9688278775349185,0.2538726602486703,-1.0787286201510993,0.021176425133031095,-1.8148006033317727,0
-0.33182194045956365,-0.001935378543893206,0.7533175511658126,0.43240563927199743,-0.2509577446607731,-0.4494165204058606,-0.18517658020765634,-0.08387236095912126,0.9662214435784635,-0.6105915914484633,1.168826216264822,-0.2637292238356336,1.1025113501669095,-0.515064057379329,0.4476560454840332,-0.8901463378056893,0.7009531882963483,-0.8902624150417078,0.26984117123941564,-0.8464932124006243,1.0491343739233971,-0.6189802166680438,1.3336032076609123,-0.810077547569881,0.7604512356722891,-0.035090223302082224,1.0420245471672953,-1.2936526821020553,0
0.36113789230387555,0.36744553988911965,0.44079131136447713,-0.8325606186222627,-0.5433434009912751,-0.6200601446130662,-0.29561380676714444,-0.04712798897200282,1.0512517253885927,-0.46346169053483754,-0.6321428696026405,-0.020954837971586985,-0.24811574617696117,0.025892233548761023,0.33151525205643123,-0.6052674765872964,1.0977627721250354,-0.9626242939940584,0.19293345481610785,-0.07913015142872268,0.6690773092282042,0.32004762513290735,0.299554910790998,-0.624307068264606,0.11620247487778049,-1.2021732556877724,0.9110252172680107,-0.8793900197561675,0
0.36113789230387555,1.036041829315732,1.556288453197248,-1.6884286002586504,-0.9478202322860604,-1.2727654093860106,-0.9907298063091186,-1.2313641811208553,-0.7676947336381027,-1.5204510929020116,-0.2707746497648038,-1.1980020521314112,0.5688965852116972,-0.9547662391274683,0.7406362088121354,-0.6706516367637717,0.6822191857133736,-0.9936323678965786,0.6031464263146178,-1.2707927368438579,0.6011954846612755,-1.2013615886647848,0.21705599080517218,-0.6641618261230308,-0.09013919574827807,0.052762256825244866,-0.1289139864894229,-0.2689916677527585,0
0.36113789230387555,0.3376696087140139,0.14608006202626517,0.6977961129772293,0.13016686843760342,1.4570710097306057,0.7003193305894517,-0.04188464980488453,0.2572519949381175,-1.1998339016307404,-0.3279851744443473,-0.20841512537043874,0.370874701268026,-0.3163385174704671,0.032278008117404534,-0.8176404173887877,0.1993086611172801,0.10790351021601705,0.003481314725745728,-0.9288866643850948,-0.12656210859787287,0.3355511815788768,0.23581751686370034,-0.9882725837854595,-1.1379500558185431,-1.0535610209140902,-0.07404612457937432,-0.17343295582815263,0
0.36113789230387555,0.7438012271353307,0.545916249996263,0.9123208512686155,-0.9813494937271003,0.2577013070381503,0.27525322106986305,-0.01611517443424542,0.5298388768169923,0.41431899479649714,0.8192647760583149,0.03763312123875993,0.8562300370155312,-0.05670367375569149,0.8063089885683649,0.11229074766387107,0.9297255482801856,0.15619253066102132,0.9498747573096954,-0.0948593476192943,0.16849180800474334,-0.6256179834580415,0.8752135730902069,-0.7346084860894763,1.0107440343932985,-0.8088292861823115,0.7870794937833259,-0.3910257631141426,0
0.36113789230387555,0.619111309764207,0.9458903053754096,0.14152974331637183,-0.6037794978587377,-0.7097065529521909,-0.2869699065466799,-0.6743623585984202,-0.693362874011281,-0.38394919185191606,0.019774524698229372,-0.865889593571688,0.3454346950991101,-0.8884942743283482,0.22841973490316222,-0.3389310612433247,1.2619270302809087,-0.4455339846759702,1.4005348886782416,0.07842984631515651,1.1608774349195314,0.8483180370055461,1.0459326663476818,0.19942565782349483,0.024061856307678268,-0.6599697651138005,0.3365514475651247,-0.8877594954398728,0
0.36113789230387555,1.013684018548802,1.4577630353109965,-0.4011439026031515,-1.1342408650706524,-1.1164220241078975,-0.8574163523439233,-0.5342534133681449,-0.26046892812838357,-0.5029751625460746,-0.1239321438021753,-0.5317974669100435,0.28921233318890477,-0.8590674047320919,0.8865337536582899,-0.5013616524345363,1.5309800439321737,-0.24187051418440456,1.4841233326552912,0.016354195038996825,1.1669771854251978,-0.8982344727323729,1.5513831105216513,-1.2856540734883606,0.8922979775567869,-0.783147360716709,0.7918535996642904,-0.8845813292130393,0
0.36113789230387555,0.7696620658548271,0.7840519911725597,-0.296586742230663,-1.1743197717928395,-1.040320595121184,-0.9094346617208974,-0.4976617660744456,0.10192134098886692,-0.003961085747571979,0.5010796715486282,0.1301797967740407,0.6526603658162459,-0.04575765482608317,0.23556568617605103,0.4594461519928867,0.051746874629118256,-0.1177443301199822,-1.2013195149951734,-0.513368332063297,-0.4687733403407076,0.222434354984511,1.0788752060717797,0.7407601665692293,0.8964800328201341,0.5080275437209165,-0.7389965266246182,0.11958654149552124,0
-0.11366791903403677,2.2924476579562296,1.5694329684955604,-1.752238021188239,-1.9692506509738823,-1.5028042994153152,-0.5447696731189491,-0.9976298349770856,-0.8202739088856987,-1.4391276363782846,-0.11476685272659008,-1.3793813190448017,0.8369119444994549,-1.7533761379337895,0.6251361560737234,-1.449091889904809,0.8722950813454916,-1.1812719735378974,0.7771901398992891,-1.2481817406312645,0.8190448612626468,-0.870635323887632,1.2864367271540411,-0.42246871238080114,1.2794164570866613,-0.5387331474404206,0.690247722720352,-1.0583993996915746,0
0.36113789230387555,0.5500119368222588,0.43446534729372105,0.32086786453849137,-0.4378232865346191,0.41183232893824423,0.38824057912576365,-0.9426902561237203,0.0439667732027516,-0.4691575268719997,0.3705811816771379,-1.2608237516894234,0.2686292876366009,-1.6532998422466851,0.5132052837348303,-1.3575639871027922,0.7741281500820559,-1.3426176939841257,0.9098513143946132,-1.3897459149431561,0.5462014172319777,-1.4736532103628828,1.177781119986143,-0.6614354082204612,0.7528533515742081,-0.6793707650140042,0.8148871327537985,-1.2390056747620115,0
-0.11366791903403677,0.7909654057686174,1.4065545907624342,-0.4551028779649193,-0.6645202185637327,-1.1974778665818557,-1.3315486042396243,-0.3896337693545542,-2.5211871770889562,-0.6633824795404336,-0.9158620012680332,-0.483268585919281,-0.837571334371025,-0.7634119160710634,-0.5286444534735227,-0.46398021971701225,-0.35463951080096173,-0.574381063765989,-0.543545332639487,-0.5454702519297593,-0.16135391488023015,-0.28323624509763307,-0.3220183260875714,-0.382187278388571,-0.7475130330714382,-0.18247773246173107,-0.6648553855387945,-0.4948761252995909,0
-2.1315926172201674,0.004908158267844862,1.2574006227371362,-0.23743961557352986,-0.0010634668702266714,-0.36663984746221595,-0.5176082379319656,-0.2180948333235539,-0.7801967160132768,-0.4544066807244205,-0.21380981992574818,-0.5647109869444732,-0.11796968076621715,-0.1162665125319489,-0.3085714567384109,0.05722195065076454,0.5565220616463736,-0.6727482797501831,0.6842629462988503,-0.8067719915009787,0.5424586948738588,-0.8927519863780746,0.8773452419367141,-1.003264124092216,0.009146397406486335,-0.11160704114515875,0.6338629140051393,-0.4507252322816326,0
-0.11366791903403677,-1.231745855711722,0.13732519112619254,-1.1051809772504289,1.3658695082263521,-1.046333265373585,-0.8170280893572194,-1.398504301724887,0.7906229347843662,-1.4369176015812086,-0.9762897025493154,-0.7628944319869935,-0.06564724050923182,-1.4427760208004607,-1.4032137357056467,-1.217214674250551,0.4803269141768765,-0.8405784804179259,-0.3124820601234862,-0.6379088097740301,-0.9794250269731221,-0.3715342960849061,-1.1737389302824282,-0.20778422296286417,-0.740460541137869,0.10333840091986542,-1.95056738155558,-1.1766530661787438,0
-0.33182194045956365,1.806909737220836,0.5952558837079981,1.795331904392145,-2.230425166538361,-0.857890231389291,-1.7746807672000098,1.627977416804617,-2.343085124354582,3.380224519196054,-1.7725834206748796,2.6675523900783635,-1.437361763436527,1.1132975136011898,-0.46317362285454977,1.1635101085948532,0.36310696315927066,0.5916157680877068,-0.2050690296946885,1.228210624648698,0.05401711451187664,1.0919747585469155,0.9819212610717797,2.5880954517969914,1.23886123062538,2.435929539762247,0.8379171150253572,2.609709406942954,0
0.36113789230387555,1.2378557096351828,0.8365549064144067,-0.9304450137777018,-0.8196217033531004,-0.9367165877939893,0.8159135205274037,-0.7180453764417025,-0.1267922658869151,-0.39440814071689373,0.406545044842595,-0.3736433281110476,-0.06455491331541298,-0.13574095732045913,-0.055170925024802184,-0.6660646220028587,-0.21677254382723654,-0.18674881441936375,-0.22688644711909306,-1.2714930106552746,-0.24861719215962622,-1.4345825369652712,0.03458532248172948,-1.0257303888710592,-0.07493515009936615,-1.1857489584647678,-0.03205743756961516,-0.5313399890502357,0
2.990831616636933,0.7173124214263209,0.01652505661085703,-0.45575388958245916,-0.7573353619543598,-0.7991571670393031,-0.9490870857861883,-0.4660762339363643,-0.5085218591443257,0.29216879643252613,-0.9169295379123271,-0.2940653240513364,-0.7908436362453283,-0.29661193481877507,-0.3796208139594937,-0.2871885205480735,-0.11957037547511368,0.17315351523410566,-0.4065185626556316,-0.14651178542311089,0.3406543991073074,-0.5120074386726842,0.1681030588310146,1.5778681747496524,0.3245611870146383,1.175688833898437,-0.2972439999202015,1.3102441713256403,0
0.36113789230387555,0.9996877129229791,0.7437721639157447,-1.1911032935904078,-1.1324095528410447,-1.603220694428609,-0.287784841992779,-1.2549520092828288,0.24863716059575322,-1.1074247534931343,-0.1733720508912098,-0.7989609251710522,0.7951109523564739,-1.0505426074420332,1.5635353578884887,-0.9066820795537511,2.4830027203649943,-0.3144847624783111,2.053706152146321,-0.5307709411894262,1.4081024347645048,-0.7479823379834725,1.53035109093947,-1.5231641075300484,0.8662027457139114,-1.1456220016231329,0.9875103965610832,-1.3033446003878915,0
0.36113789230387555,-0.06313308393964231,0.8097348444278734,0.06852151161290758,0.3626722926923092,0.08190486946476032,-0.43296051622667564,-0.6209963448239776,-0.8094577840238756,-1.2933864526784329,-0.32265808588317013,-1.178179428420238,-0.2592876930763348,-0.9128988385215293,0.11045356338470645,-0.8987203036325232,0.17628267896230077,-1.5304701369862246,-0.42825525050329627,-1.151735322585274,-1.0219801054606794,-0.9686640521060227,-0.1912412415006827,0.03665184457437757,0.4672712170116096,0.13740391707316824,1.1989838448021475,0.14477249917623147,0
0.36113789230387555,0.7456947889536434,0.796469079140342,0.3184590800085001,-0.44617460413046395,-0.46782080786264707,0.17842388175154164,-0.6752017184913534,-0.7506665482618567,-0.41888331645671545,-0.2688070496500457,-0.6320809485588585,-0.0004405763289424113,-0.6048114003479896,-0.07559433818737066,-0.8271583903389721,0.19261743101761156,-0.9113061355221632,-0.3080269949222812,-0.7696087822940709,-0.496159750997872,-0.6763602354155771,-0.273888928245988,-0.13870828826244977,-0.2370726171769581,-0.25821220865410677,0.19793966964219228,-0.5171427452431409,0
-0.5384941712837478,1.1335744681567326,1.4408891026796173,-0.881245444344803,-0.9184697332989539,-1.044401751355154,-0.31055889236075634,-0.2538239616519567,-0.9558597677655151,-1.2942796879442897,0.8295180651609556,-0.818645009558151,0.12639820099711294,0.6556361562568362,0.36743442127983916,-0.1889177097221251,0.5755157371658599,-0.24492612451985077,1.0867838460472181,0.6549958619266588,2.03894788044112,0.733353164338478,1.4577129010004368,0.815447280772119,0.09622213461070836,0.903578799473413,-0.5503608181254118,0.37551072788759515,0
0.36113789230387555,-0.8891381615005619,0.056181090790651894,1.431209515620956,1.3471085283678108,2.4632323590200085,-2.3659176224447105,-0.048605788157100864,-1.1919927982695182,0.6866761119768302,-1.5863648983812493,0.6153661731659951,-1.06487301803442,1.0704591074955134,-0.569020735855036,0.7529294782951154,-0.9188393049638303,0.2149324655593253,-0.741008554404997,1.0781640819538618,-1.3231509551625207,0.7908182374940413,-0.5695445613156194,0.6290416728707208,-0.8872105684475239,0.05646862478264859,-0.7624700496646369,0.3376003135688146,0
-0.33182194045956365,1.5513983898810992,1.5516905374384102,-0.7149302559045686,-1.597928237065344,-0.9471346287166786,-1.2108107962161467,-0.41886615196431015,0.3326934925825042,-0.08043076051792991,-0.8301543486213034,0.19279475714767283,-0.531563742631785,-0.06485786109127427,-0.15148031862677708,-0.14426936969771806,-0.22379762715677118,-0.0426614508123181,-0.7780080110185125,-0.4499472696655479,-0.4022599693930516,0.7415938795875053,-0.5022723690198143,0.49753172026800874,-0.016091556027528278,-0.01334414942646109,-0.3886226801856624,0.33323147733083386,0
0.36113789230387555,1.1261130607982346,1.417104791920164,-1.4914242588625368,-0.9290296125126086,-1.5312986910342903,-0.4433701184683631,-1.2975238610933528,-0.7151066794650478,-1.483867273726187,-0.17518600865080258,-1.269796178801455,0.2627861938134942,-1.023742428296968,0.4828730522528387,-0.7506089298732778,0.6901302415861378,-1.146874561730084,0.28187608659138685,-0.882531154034704,0.5503424802774441,-1.4572535629494725,1.2678060343093305,-0.5418428231929745,0.4029431462530211,-0.24894116744679926,0.521256229282566,-0.5205520293924147,0
-0.11366791903403677,0.8485584719082944,1.2901074806074266,0.7072069075914691,-1.306034898169672,-0.8778865568990406,-1.0017280386254965,0.7096457130345583,-0.4511227933612595,-0.034350498148882545,0.031494766764493476,0.8406974418174897,0.5444045664638744,0.4859989618640027,0.8516516002071738,1.7525172717310207,1.0774113876883078,1.2147276731675665,-0.12658485532236805,0.9120889156456431,0.2773311236323684,0.6271705367609132,1.9429558502207818,0.42196018636321864,3.382770748766312,1.946905527796995,2.924395932453343,1.4671136924229173,0
-0.11366791903403677,0.8513278526662931,0.6112001120807251,1.848512947875263,-0.4917531893050958,1.0370990393466522,-0.05565339474921563,-0.12257430048177416,-0.8122749077065504,0.14465945253118084,-0.3480255757281918,-0.5501081933258694,-1.8878818345612085,0.9829755107657869,-1.4025213448955418,-0.39997587532418083,-1.0907113502220307,2.0778767066214456,-0.48629164685514753,0.93962537222664,-0.5915764604359842,1.4601023152338914,0.6388506021864855,0.5875556241683682,-0.25492304622258766,1.938082235738905,0.6308698236537074,1.7968570611599834,0
-0.11366791903403677,1.6597444058300173,1.4197290192317393,-0.5673521124272302,-1.3843837457077228,-1.2372200051838558,0.3021939285335125,-0.8453354621587175,0.17714291447958794,-0.44726013677839743,-0.15441196076924166,-0.01033759069921823,-0.1379139460477353,-0.5137209501178243,-0.23277089094153136,0.007749216106129885,-0.24076362417169067,-0.053150838354052016,-0.7703132530952057,-0.16219791879884105,-0.5123867127448652,-0.047518270492758814,-0.30464115906158684,-0.12416923010346387,-0.393618511635926,-0.008118458375582885,0.078300473653598,-0.43568989121241974,0
1.188218983021532,1.8580837326869308,1.2669286211414448,-1.3178972576151071,-1.8797890079037214,-0.5320543506574896,-0.4678055551510937,0.2917267949485925,-0.9979228802988365,0.17912787705047153,0.16361149406921094,-1.06410540011655,-0.3117684545062036,0.02503661317285221,-0.3385965575816333,-0.5772669538939117,0.1815579455640713,-0.49322261316295213,0.5371943745892845,-0.4131941633401537,-0.047547453030851596,-0.8747425962186026,0.784590594930353,0.9260002445971897,1.099235318208504,2.647083258639898,2.0904302714080707,3.6370845829145915,0
1.8346731688698132,1.649181303044157,1.3641011214833212,-1.02453717278451,-1.6604764494400581,-0.5880943134612554,-0.14237281064439525,0.04018327863803047,-0.06563695930536376,-0.0793283903960507,-0.06514091004920222,-0.19586956047920306,0.21039311919964312,-0.19109681785170385,0.48197868504084457,0.36611805810589787,1.3258976006837253,0.23967948552453322,1.3463266248573207,0.7122335870608414,1.692690970567285,0.7980750393247318,1.2777475226827497,0.004493542473076938,0.5048663854932672,-0.24237369218078517,0.5011504390352038,-0.13278980791112094,0
-0.11366791903403677,0.29150359814055476,0.7270970594852495,1.702545507678845,-0.6619548916873964,0.5883114407667511,-2.4019055659438684,0.8913971740566893,-2.0552999623722354,1.6954477966796022,-2.024801343657088,0.6996285715522603,-1.8088408375812963,1.3782412940187112,-1.378292814104595,1.6145915474276538,-1.697006225075634,0.9739789691395953,-1.4862846664209626,0.17379909030582708,-1.6146127329072595,0.9805484512222131,-1.4565975307444166,0.09712209997710375,-1.5229212005998904,0.6285432755091743,-1.0594791514972197,1.8079123983122611,0
